Workbook

Sheet Merania
A1: Meranie | B1: STT | C1: Intent | D1: Celková
A2: 1 | B2: 3394 | C2: 3680 | D2: =SUM(B2:C2) -> 7074
A3: 2 | B3: 3176 | C3: 4871 | D3: =SUM(B3:C3) -> 8047
A4: 3 | B4: 2854 | C4: 6146 | D4: =SUM(B4:C4) -> 9000
A5: 4 | B5: 3913 | C5: 2098 | D5: =SUM(B5:C5) -> 6011
A6: 5 | B6: 3141 | C6: 4861 | D6: =SUM(B6:C6) -> 8002
A7: 6 | B7: 3325 | C7: 4096 | D7: =SUM(B7:C7) -> 7421
A8: 7 | B8: 3647 | C8: 3826 | D8: =SUM(B8:C8) -> 7473
A9: 8 | B9: 3877 | C9: 4518 | D9: =SUM(B9:C9) -> 8395
A10: 9 | B10: 3074 | C10: 2911 | D10: =SUM(B10:C10) -> 5985
A11: 10 | B11: 2512 | C11: 2598 | D11: =SUM(B11:C11) -> 5110
A12: 11 | B12: 2794 | C12: 4531 | D12: =SUM(B12:C12) -> 7325
A13: 12 | B13: 4393 | C13: 12451 | D13: =SUM(B13:C13) -> 16844
... A21: 20 | B21: 2485 | C21: 2872 | D21: =SUM(B21:C21) -> 5357
A22: Priemer | B22: =AVERAGE(B2:B21) -> 3167.05 | C22: =AVERAGE(C2:C21) -> 4074.2 | D22: =AVERAGE(D2:D21) -> 7241.25

Sheet Štatistiky
A1: Metrika | B1: STT (ms) | C1: Intent (ms) | D1: Celková (ms)
A2: Priemer | B2: =AVERAGE(Merania!B2:B21) -> 3167.05 | C2: =AVERAGE(Merania!C2:C21) -> 4074.2 | D2: =AVERAGE(Merania!D2:D21) -> 7241.25
A3: Medián | B3: =MEDIAN(Merania!B2:B21) -> 3126 | C3: =MEDIAN(Merania!C2:C21) -> 3753 | D3: =MEDIAN(Merania!D2:D21) -> 6883
A4: Smerodajná odchýlka | B4: =STDEV(Merania!B2:B21) -> 541.41768 | C4: =STDEV(Merania!C2:C21) -> 2278.3682 | D4: =STDEV(Merania!D2:D21) -> 2543.7895
A5: Minimum | B5: =MIN(Merania!B2:B21) -> 2417 | C5: =MIN(Merania!C2:C21) -> 1883 | D5: =MIN(Merania!D2:D21) -> 4513
A6: Maximum | B6: =MAX(Merania!B2:B21) -> 4393 | C6: =MAX(Merania!C2:C21) -> 12451 | D6: =MAX(Merania!D2:D21) -> 16844
A7: Počet meraní | B7: =COUNT(Merania!B2:B21) -> 20 | C7: =COUNT(Merania!C2:C21) -> 20 | D7: =COUNT(Merania!D2:D21) -> 20
